{"filesMd5":[{"android":"1.0.0","iOS":"1.0.0","page":"/config/index.js","md5":"5a18920e58cb854e49b9586cfdbe5e0b"},{"android":"1.0.0","iOS":"1.0.0","page":"/mediator/index.js","md5":"847815217b83b834a21bfd329f18f86e"},{"android":"1.0.0","iOS":"1.0.0","page":"/pages/yanxuanDemo/class/index.js","md5":"56a9c074cef3be90d0b673b36c0c32ec"},{"android":"1.0.0","iOS":"1.0.0","page":"/pages/yanxuanDemo/home/index.js","md5":"c569def4f9931b28e70ef0e9207c9059"},{"android":"1.0.0","iOS":"1.0.0","page":"/pages/yanxuanDemo/index.js","md5":"473650803655106664c0fd5676c1d432"},{"android":"1.0.0","iOS":"1.0.0","page":"/pages/yanxuanDemo/shop/index.js","md5":"1fc338a1c36022ec51282f7a879628cc"},{"android":"1.0.0","iOS":"1.0.0","page":"/pages/yanxuanDemo/topic/index.js","md5":"f406aaccb797fa37ef85afebb42505fc"},{"android":"1.0.0","iOS":"1.0.0","page":"/pages/yanxuanDemo/my/index.js","md5":"3d73f6b3f7bcb5fc6d62f70dc20f557e"},{"android":"1.0.0","iOS":"1.0.0","page":"/iconfont/font_1469606063_76593.ttf","md5":"7f64b407dbb118b2bf74aae8488f115e"},{"android":"1.0.0","iOS":"1.0.0","page":"/iconfont/font_1469606522_9417143.woff","md5":"815be396a2edc810e9daab7eaf94b32e"},{"android":"1.0.0","iOS":"1.0.0","page":"/iconfont/font_zn5b3jswpofuhaor.ttf","md5":"be67220b1b872c2cba30a35787131d99"},{"android":"1.0.0","iOS":"1.0.0","page":"/iconfont/iconfont.ttf","md5":"fcfd6fc55b5308c896fadc1c08c4b1b0"},{"android":"1.0.0","iOS":"1.0.0","page":"/assets/test.jpeg","md5":"d0175845c26bad1178eeec7315cb1b32"}],"android":"1.0.0","iOS":"1.0.0","appName":"eros-demo","jsVersion":"5de778d8c52da8f077b14d97dda7a485","timestamp":1512727580391,"jsPath":"https://app.weex-eros.com/source"}
