{"filesMd5":[{"page":"/config/index.js","md5":"30f3b7726f15856e88aaec6a7a781a2d"},{"page":"/mediator/index.js","md5":"25a2b3ec08728d549912cd25e1e57a79"},{"page":"/pages/yanxuanDemo/home/index.js","md5":"c61b877fa804bf85b068ed326263cd0c"},{"page":"/pages/yanxuanDemo/class/index.js","md5":"f89d05fe17b8c3a344a21fb9d1628957"},{"page":"/pages/yanxuanDemo/index.js","md5":"907cb40d06fb2125c1445775d9507706"},{"page":"/pages/yanxuanDemo/shop/a.js","md5":"74e3319ea02c529cc7824f82efa004bd"},{"page":"/pages/yanxuanDemo/my/index.js","md5":"96b169c74e76334bacad5ad3f37fd97b"},{"page":"/pages/yanxuanDemo/shop/index.js","md5":"1d4e14c295724ffb63e4b24210060bbc"},{"page":"/pages/yanxuanDemo/topic/index.js","md5":"35c7d76d3535c0e93859189fb8edd084"},{"page":"/iconfont/font_1469606063_76593.ttf","md5":"f6222bcfedff4a817bb50df7a049d1db"},{"page":"/iconfont/font_1469606522_9417143.woff","md5":"6cf5490fd14ff83350ff952bb5b8e484"},{"page":"/iconfont/font_zn5b3jswpofuhaor.ttf","md5":"c0356b22e8235d2b0be8880cc81894cc"},{"page":"/iconfont/iconfont.ttf","md5":"ec86bfe5bdb872bad2b2af4f11da14f4"},{"page":"/assets/test.jpeg","md5":"58c74e921886aa24f88f758d494ebc6a"}],"android":"1.0.0","iOS":"1.0.0","appName":"eros-yx-demo","jsVersion":"b0af7f65456dd054beebf5ffe10a1abd","timestamp":1519611836741,"jsPath":"https://app.weex-eros.com/source"}
