{"filesMd5":[{"page":"/config/index.js","md5":"6e94ff770e5dd9a1d4ca76afab119ea7"},{"page":"/mediator/index.js","md5":"57c3b50d92cfbc69f66ddeeb78b48264"},{"page":"/pages/yanxuanDemo/class/index.js","md5":"476856fe955e4102b3ad99262c78e4fb"},{"page":"/pages/yanxuanDemo/home/index.js","md5":"92ce91f3a7f2b7c96cd5195905a02aca"},{"page":"/pages/yanxuanDemo/index.js","md5":"4ca8df2b8e2c47a9d8f252193a327b79"},{"page":"/pages/yanxuanDemo/shop/a.js","md5":"a9eb9fc9f1f167675518da6b7bbc38bd"},{"page":"/pages/yanxuanDemo/my/index.js","md5":"aa752bf0d5e54d9862b973052f492eee"},{"page":"/pages/yanxuanDemo/shop/index.js","md5":"ec454b42539773f00760ae55a3be9842"},{"page":"/pages/yanxuanDemo/topic/index.js","md5":"4b3096451bb5857c9907d5d34e3e3802"},{"page":"/iconfont/font_1469606063_76593.ttf","md5":"7f64b407dbb118b2bf74aae8488f115e"},{"page":"/iconfont/font_1469606522_9417143.woff","md5":"815be396a2edc810e9daab7eaf94b32e"},{"page":"/iconfont/font_zn5b3jswpofuhaor.ttf","md5":"be67220b1b872c2cba30a35787131d99"},{"page":"/iconfont/iconfont.ttf","md5":"fcfd6fc55b5308c896fadc1c08c4b1b0"},{"page":"/assets/test.jpeg","md5":"d0175845c26bad1178eeec7315cb1b32"}],"android":"1.0.0","iOS":"1.0.0","appName":"eros-yx-demo","jsVersion":"bb254aa5e493a8922798e497dbb391f9","timestamp":1516875822185,"jsPath":"https://app.weex-eros.com/source"}
