{"filesMd5":[{"page":"/config/index.js","md5":"59fd5dab84146d726ba2fe2eacb9e0ed"},{"page":"/mediator/index.js","md5":"76efe3195c74a8c923efce0fb1e2fb5f"},{"page":"/pages/yanxuanDemo/class/index.js","md5":"605899fa44e46f16021cd2dcd2a46282"},{"page":"/pages/yanxuanDemo/home/index.js","md5":"24f55f9776dddf8b9a177fb02b0d4b85"},{"page":"/pages/yanxuanDemo/index.js","md5":"edcffe56cf17b1014f601e991fde8377"},{"page":"/pages/yanxuanDemo/my/index.js","md5":"f253ca68b6f0c1f428a94ce00ce25419"},{"page":"/pages/yanxuanDemo/shop/a.js","md5":"3999dd7a7294144f8a7c782cccc01be6"},{"page":"/pages/yanxuanDemo/shop/index.js","md5":"00dea478516cabd93d1aa549a67c4a26"},{"page":"/pages/yanxuanDemo/topic/index.js","md5":"06aadf000a6c5b464aad402811e0eeff"},{"page":"/iconfont/font_1469606063_76593.ttf","md5":"f6222bcfedff4a817bb50df7a049d1db"},{"page":"/iconfont/font_1469606522_9417143.woff","md5":"6cf5490fd14ff83350ff952bb5b8e484"},{"page":"/iconfont/font_zn5b3jswpofuhaor.ttf","md5":"c0356b22e8235d2b0be8880cc81894cc"},{"page":"/iconfont/iconfont.ttf","md5":"ec86bfe5bdb872bad2b2af4f11da14f4"},{"page":"/assets/test.jpeg","md5":"58c74e921886aa24f88f758d494ebc6a"}],"android":"1.0.0","iOS":"1.0.0","appName":"eros-yx-demo","jsVersion":"3a0dc0044d21a95ca7a24010bef22a8f","timestamp":1525845135001,"jsPath":"https://app.weex-eros.com/source"}
